Job ID,Job URL,Job Title,Company Name,Status,Timestamp,WP ID
0bb080006d0f491f,https://www.linkedin.com/jobs/view/chief-operating-officer-at-stark-premium-4437486152,Chief Operating Officer,,scraped,2026-07-07T01:53:24.659749,
2f90d8918d679c3a,https://www.linkedin.com/jobs/view/genetic-results-specialist-at-embark-veterinary-4437709423,Genetic Results Specialist,,scraped,2026-07-07T01:53:42.621585,
909e013f803832f6,https://www.linkedin.com/jobs/view/total-rewards-specialist-benefits-payroll-at-workwave-4437491356,Total Rewards Specialist - Benefits/Payroll,,scraped,2026-07-07T01:53:49.847729,
a58b0babec099546,https://www.linkedin.com/jobs/view/content-marketing-coordinator-at-the-sleep-code-4437496295,Content Marketing Coordinator,,scraped,2026-07-07T01:54:11.990717,
078385a93a07a8a5,https://www.linkedin.com/jobs/view/associate-creative-strategist-at-snap-inc-4437483649,Associate Creative Strategist,,scraped,2026-07-07T01:54:26.228625,
ebf3291671ae4deb,https://www.linkedin.com/jobs/view/data-entry-clerk-at-avua-4437701630,Data Entry Clerk,,scraped,2026-07-07T01:54:40.626697,
de5e303588cbe4e1,https://www.linkedin.com/jobs/view/new-business-ventures-strategy-analyst-at-national-basketball-association-nba-4437497861,New Business Ventures Strategy Analyst,,scraped,2026-07-07T01:54:47.270846,
1a68431cd36caed9,https://www.linkedin.com/jobs/view/regional-education-manager-chicago-il-at-anastasia-beverly-hills-4437482582,"Regional Education Manager - Chicago, IL",,scraped,2026-07-07T01:55:08.540342,
dea13ccf7061e6e7,https://www.linkedin.com/jobs/view/graphic-designer-at-damien-center-4437482495,Graphic Designer,,scraped,2026-07-07T01:55:16.060673,
ca1d7f6c996f3a2d,https://www.linkedin.com/jobs/view/founding-pmm-%24200k-base-plus-0-3%25-equity-at-this-is-growth-4437498384,Founding PMM || $200k base plus 0.3% Equity,,scraped,2026-07-07T01:55:34.132742,
86aca30925f0b574,https://www.linkedin.com/jobs/view/sample-support-staff-at-grow-wabash-county-4432330178,Sample Support Staff,,scraped,2026-07-07T01:55:41.343263,
508a003964e9ad47,https://www.linkedin.com/jobs/view/school-nutrition-mobile-staff-at-rutherford-county-schools-tennessee-4437110470,School Nutrition Mobile Staff,Rutherford County Schools - Tennessee,posted,2026-07-07T01:57:24.454113,19
1dc5252fccce43c6,https://www.linkedin.com/jobs/view/housekeeper-maid-service-at-two-maids-auburn-4432774564,Housekeeper/Maid service,,scraped,2026-07-07T01:57:27.318786,
7016e939a39b69f5,https://www.linkedin.com/jobs/view/business-degree-jobs-11-of-the-best-roles-to-apply-for-at-unigo-4435494291,Business degree jobs: 11 of the best roles to apply for,,scraped,2026-07-07T01:58:40.002257,
30b2bdad617d6f5f,https://www.linkedin.com/jobs/view/traffic-control-flagger-at-ada-traffic-control-ltd-4436776361,Traffic Control Flagger,,scraped,2026-07-07T01:59:54.879137,
0a81ccdcfc0008aa,https://www.linkedin.com/jobs/view/custodian-coomes-recreation-center-at-town-of-abingdon-virginia-4436157819,Custodian - Coomes Recreation Center,,scraped,2026-07-07T02:00:21.307984,
d710c3e87f15d46c,https://www.linkedin.com/jobs/view/traffic-control-flagger-no-experience-required%21-at-ada-traffic-control-ltd-4436779364,Traffic Control Flagger - No experience required!,,scraped,2026-07-07T02:00:39.523738,
e803afcc428ae703,https://www.linkedin.com/jobs/view/rural-carrier-at-united-states-postal-service-4435225690,Rural Carrier,,scraped,2026-07-07T02:02:03.513053,
e4fac1dd613772e8,https://www.linkedin.com/jobs/view/lead-generator-at-renewal-by-andersen-of-central-virginia-4436165573,Lead Generator,,scraped,2026-07-07T02:02:21.729706,
d900aa05b0476cbb,https://www.linkedin.com/jobs/view/talent-pool-at-recess-hotels-4436456587,Talent Pool,Recess Hotels,posted,2026-07-07T02:02:44.347017,21
14fda7db074c3ab5,https://www.linkedin.com/jobs/view/steward-ft-pt-at-coraltree-hospitality-4416731091,Steward FT/PT,CoralTree Hospitality,posted,2026-07-07T02:02:58.803756,23
dd1d86be76d25ea3,https://www.linkedin.com/jobs/view/employment-programs-interviewer-1-at-state-of-west-virginia-4433919888,Employment Programs Interviewer 1,,scraped,2026-07-07T02:03:01.373948,
ad68ff3999274f51,https://www.linkedin.com/jobs/view/automotive-technician-at-united-states-postal-service-4435236135,Automotive Technician,,scraped,2026-07-07T02:03:13.737198,
8db7ed01771e0b35,https://www.linkedin.com/jobs/view/ready-to-start-today-in-shenandoah-pa-at-comfort-keepers-4432773618,Ready to Start Today in Shenandoah PA,Comfort Keepers,posted,2026-07-07T02:03:38.631892,25
7fafb722b19b0e07,https://www.linkedin.com/jobs/view/vehicle-acquisition-specialist-car-buyer-at-twin-falls-subaru-4436741456,Vehicle Acquisition Specialist / Car Buyer,Twin Falls Subaru,posted,2026-07-07T02:03:48.364327,27
a6db6636b43af8f9,https://www.linkedin.com/jobs/view/hiring-multiple-positions-%40-avi-foodsystems-at-avi-foodsystems-4432701533,Hiring Multiple Positions @ AVI FoodSystems,,scraped,2026-07-07T02:03:50.909987,
13a1b6bdd39f4ef9,https://www.linkedin.com/jobs/view/facilities-technician-at-hyve-solutions-4414659419,Facilities Technician,,scraped,2026-07-07T02:04:22.098057,
94fd2c656d80975a,https://www.linkedin.com/jobs/view/role-clutter-crusader-at-the-junkluggers-of-central-va-4432362903,Role CLUTTER CRUSADER,,scraped,2026-07-07T02:04:28.951395,
a1fec8d4bae4228c,https://www.linkedin.com/jobs/view/priority-hiring-in-progress-in-mechanicsburg-pa-at-comfort-keepers-4432772651,Priority Hiring in Progress in Mechanicsburg PA,,scraped,2026-07-07T02:04:36.498223,
a2074a80939127a0,https://www.linkedin.com/jobs/view/utility-locator-at-usic-4427063528,Utility Locator,,scraped,2026-07-07T02:04:43.292943,
bda8cba37eb0079d,https://www.linkedin.com/jobs/view/gardner-%242-500-sign-on-bonus-at-chimes-4388170619,"Gardner ($2,500 Sign On Bonus)",,scraped,2026-07-07T02:04:50.188929,
a4431cca2a8c297a,https://www.linkedin.com/jobs/view/maintenance-worker-26-27-at-leon-county-schools-4435128430,Maintenance Worker (26-27),,scraped,2026-07-07T02:05:05.638109,
42c209fda83032f2,https://www.linkedin.com/jobs/view/join-the-pros-at-landpro-equipment-llc-4436183939,Join the PROs,,scraped,2026-07-07T02:05:12.878893,
f96cc9873a2b9d1e,https://www.linkedin.com/jobs/view/cdl-examiner-06232026-78724-at-state-of-tennessee-4435458799,CDL EXAMINER - 06232026-78724,,scraped,2026-07-07T02:05:24.441982,
0f350143f4eea20a,https://www.linkedin.com/jobs/view/bcba-%2410-000-bonus-flexibility-at-abs-kids-4423626913,"BCBA ($10,000 Bonus, Flexibility)",,scraped,2026-07-07T02:06:06.919138,
d89231bc3950d194,https://www.linkedin.com/jobs/view/maintenance-specialist-at-moses-lake-industries-4388130480,MAINTENANCE SPECIALIST,,scraped,2026-07-07T02:07:23.184745,
cf7d1065bec52046,https://www.linkedin.com/jobs/view/initial-licensing-specialist-at-necco-4436453954,Initial Licensing Specialist,,scraped,2026-07-07T02:07:35.512707,
4e6c24ec2a2f4ecb,https://www.linkedin.com/jobs/view/thank-you-for-your-interest-in-our-driver-and-mover-positions%21-please-review-our-current-openings-and-submit-your-information-today%21-at-all-my-sons-moving-storage-4431975916,Thank you for your interest in our Driver and Mover positions! Please review our current openings and submit your information today!,,scraped,2026-07-07T02:07:55.146558,
0b34fd74c15f4d23,https://www.linkedin.com/jobs/view/house-cleaning-technician-at-sparklemafia-professional-cleaning-4435898248,House Cleaning Technician,,scraped,2026-07-07T02:09:07.150806,
6d9488013bd26712,https://www.linkedin.com/jobs/view/caregiver-%24300-sign-on-bonus-at-thekey-4417440920,Caregiver ($300 Sign-On Bonus),TheKey,posted,2026-07-07T02:10:38.809016,29
2401cc968319944a,https://www.linkedin.com/jobs/view/lot-porter-full-time-and-part-time-at-royal-south-4436738582,Lot Porter:  FULL TIME and PART TIME,Royal South,posted,2026-07-07T02:10:52.144684,31
96ad59d8adeff638,https://www.linkedin.com/jobs/view/vehicle-condition-inspector-at-acv-auctions-4400537742,Vehicle Condition Inspector,,scraped,2026-07-07T02:10:55.047515,
beed94f06893cbde,https://www.linkedin.com/jobs/view/vehicle-shuttle-at-road-rail-services-4435303701,Vehicle Shuttle,,scraped,2026-07-07T02:11:09.643806,
5609e3fcd4301831,https://www.linkedin.com/jobs/view/night-auditor-at-ark-4434665992,Night Auditor,,scraped,2026-07-07T02:11:29.080323,
4f482dff72ad2d23,https://www.linkedin.com/jobs/view/handyman-at-mr-handyman-of-e-nashville-hendersonville-4432758165,Handyman,,scraped,2026-07-07T02:13:08.822699,
75057c94c27b51dd,https://www.linkedin.com/jobs/view/greeter-at-buffalo-wild-wings-fralich-inc-4432701506,GREETER,,scraped,2026-07-07T02:13:26.840052,
9fa706762e012f60,https://www.linkedin.com/jobs/view/baker-at-safeway-4426571655,Baker,,scraped,2026-07-07T02:13:36.497115,
85dc8c72a286f1e3,https://www.linkedin.com/jobs/view/general-labor-at-onsite-safety-4436166184,General Labor,,scraped,2026-07-07T02:13:51.361847,
a86d91329e91d9ef,https://www.linkedin.com/jobs/view/traffic-control-officer-at-the-car-park-4435372400,Traffic Control Officer,The Car Park,posted,2026-07-07T02:14:22.331768,33
3abf9dce743838c5,https://www.linkedin.com/jobs/view/bar-back-at-twin-peaks-restaurants-4436152745,Bar Back,,scraped,2026-07-07T02:14:24.954112,
e8d31d1a93434ea6,https://www.linkedin.com/jobs/view/bathroom-monitor-at-environmental-air-systems-4384757085,Bathroom Monitor,,scraped,2026-07-07T02:14:56.551963,
1264d26da20fc515,https://www.linkedin.com/jobs/view/multiple-opportunities-at-hotel-californian-4436055443,Multiple opportunities,,scraped,2026-07-07T02:15:10.936557,
7a7fd5a51fb62806,https://www.linkedin.com/jobs/view/entry-level-home-inspector-at-home-genius-exteriors-4435805206,Entry Level Home Inspector,,scraped,2026-07-07T02:15:36.131469,
3d742827cc73c226,https://www.linkedin.com/jobs/view/driver-s-license-examiner-06292026-78817-at-state-of-tennessee-4435473227,DRIVER'S LICENSE EXAMINER - 06292026-78817,,scraped,2026-07-07T02:16:02.995355,
144d8da3f3e66928,https://www.linkedin.com/jobs/view/doughnut-distributor-at-krispy-kreme-4426973130,Doughnut Distributor,,scraped,2026-07-07T02:16:14.103491,
b4d89ac876b7ac5f,https://www.linkedin.com/jobs/view/beer-technician-at-a-head-for-profits-4436481223,Beer Technician,A Head for Profits,posted,2026-07-07T02:17:26.814458,35
525f119c26663d67,https://www.linkedin.com/jobs/view/custodian-at-rutherford-county-schools-tennessee-4437411746,Custodian,,scraped,2026-07-07T02:17:29.561006,
00bfc66b0bf9cabf,https://www.linkedin.com/jobs/view/dispatcher-at-copart-4409555112,Dispatcher,,scraped,2026-07-07T02:17:55.083036,
812c08e5d1aa9f66,https://www.linkedin.com/jobs/view/solicitud-general-at-dempsey-uniform-linen-supply-4435402771,Solicitud General,,scraped,2026-07-07T02:19:20.086797,
0754bf685e31d088,https://www.linkedin.com/jobs/view/construction-estimator-at-jacobs-4387864166,Construction Estimator,,scraped,2026-07-07T02:19:26.799227,
171cf64c52d93fe5,https://www.linkedin.com/jobs/view/administrative-assistant-%E2%80%93-wip-administration-full-time-days-req%23-2117962204-at-antelope-valley-medical-center-4437496034,Administrative Assistant – WIP Administration - Full Time/Days- Req# 2117962204,,scraped,2026-07-07T02:20:04.292262,
8366577880b439fd,https://www.linkedin.com/jobs/view/administrative-specialist-i-at-georgia-state-university-4437473899,Administrative Specialist I,Georgia State University,posted,2026-07-07T02:20:27.358383,37
7d8a6cd5710e89be,https://www.linkedin.com/jobs/view/service-appointment-coordinator-mercedes-benz-grapevine-at-avondale-dealerships-4437700970,Service Appointment Coordinator-Mercedes-Benz Grapevine,Avondale Dealerships,posted,2026-07-07T02:20:42.135772,39
22fdb0c70c35be6d,https://www.linkedin.com/jobs/view/patient-billing-specialist-at-johnson-health-center-4437495241,Patient Billing Specialist,,scraped,2026-07-07T02:20:45.015384,
ac7182b506b3b015,https://www.linkedin.com/jobs/view/human-resources-director-at-pet-supermarket-4437498046,Human Resources Director,Pet Supermarket,posted,2026-07-07T02:21:36.606805,41
78403bcda973bc98,https://www.linkedin.com/jobs/view/district-leader-at-quality-fresca-llc-4437478603,District Leader,,scraped,2026-07-07T02:21:39.628143,
f558988c20c13a09,https://www.linkedin.com/jobs/view/litigation-paralegal-at-denenberg-tuffley-4437483312,Litigation Paralegal,Denenberg Tuffley,posted,2026-07-07T02:23:16.166384,43
1181ad1d0c214564,https://www.linkedin.com/jobs/view/art-teacher-at-the-linsly-school-4437713153,Art Teacher,,scraped,2026-07-07T02:23:18.771278,
ffd1397d309efb9f,https://www.linkedin.com/jobs/view/sr-manager-human-resources-at-weg-4437476800,"Sr. Manager, Human Resources",,scraped,2026-07-07T02:23:57.143578,
7de3fa9eb6fe5855,https://www.linkedin.com/jobs/view/director-of-product-management-at-road-warrior-llc-4437707175,Director of Product Management,"Road Warrior, LLC",posted,2026-07-07T02:24:34.034760,45
18463da4b45f94ac,https://www.linkedin.com/jobs/view/documentation-clerk-quality-control-part-time-at-gulf-coast-blood-4437716380,"Documentation Clerk (Quality & Control, Part-Time)",,scraped,2026-07-07T02:24:36.833541,
a396dcf3c05955c5,https://www.linkedin.com/jobs/view/project-compliance-analyst-at-city-of-indianapolis-4437718119,Project Compliance Analyst,,scraped,2026-07-07T02:25:02.787478,
b7954f30ab80037e,https://www.linkedin.com/jobs/view/general-manager-oak-brook-at-next-health-4437482558,General Manager - Oak Brook,,scraped,2026-07-07T02:25:22.485554,
16870bbaac0dbf0f,https://www.linkedin.com/jobs/view/senior-strategic-financial-analyst-at-proven-recruiting-4437491222,Senior Strategic Financial Analyst,Proven Recruiting,posted,2026-07-07T02:25:58.920983,47
235fa082329ef674,https://www.linkedin.com/jobs/view/transportation-supervisor-at-wesco-turf-inc-4437488288,Transportation Supervisor,"Wesco Turf, Inc.",posted,2026-07-07T02:26:24.852134,49
e326c7fe592190a6,https://www.linkedin.com/jobs/view/communications-coordinator-omwbd-at-city-of-indianapolis-4437707418,Communications Coordinator- OMWBD,City of Indianapolis,posted,2026-07-07T02:26:38.817017,51
1925fc7fb9360a12,https://www.linkedin.com/jobs/view/sr-technical-project-manager-tpm-at-olik-global-4437475918,Sr. Technical Project Manager (TPM),,scraped,2026-07-07T02:26:41.842084,
f7da69cf28dbab9b,https://www.linkedin.com/jobs/view/senior-graphic-designer-at-million-dollar-baby-co-babyletto-namesake-davinci-nursery-works-4437709445,Senior Graphic Designer,"Million Dollar Baby Co. (Babyletto, Namesake, daVinci &amp; Nursery Works)",posted,2026-07-07T02:27:04.447833,53
1add4912fe48a140,https://www.linkedin.com/jobs/view/marketing-assistant-at-paramount-residential-mortgage-group-4437716426,Marketing Assistant,Paramount Residential Mortgage Group,posted,2026-07-07T02:27:19.198546,55
1bf2692e14816f77,https://www.linkedin.com/jobs/view/clinical-research-associate-at-icon-strategic-solutions-4437488369,Clinical Research Associate,,scraped,2026-07-07T02:27:21.915335,
7ee4c1e71a6f560c,https://www.linkedin.com/jobs/view/baker-at-texas-roadhouse-4347818196,Baker,,scraped,2026-07-07T02:27:29.168454,
fac0ef846b9dded6,https://www.linkedin.com/jobs/view/storm-damage-expert-%2480k%2B-opportunity-at-best-choice-roofing-4436789878,Storm Damage Expert - $80K+ Opportunity,,scraped,2026-07-07T02:27:37.725614,
36126d9b1eaa99f2,https://www.linkedin.com/jobs/view/baker-at-texas-roadhouse-4353955760,Baker,,scraped,2026-07-07T02:27:52.087216,
4340f3ac731abfba,https://www.linkedin.com/jobs/view/baker-at-texas-roadhouse-4268552623,Baker,,scraped,2026-07-07T02:28:08.112051,
52eb0612bbf0bcae,https://www.linkedin.com/jobs/view/baker-at-texas-roadhouse-4235244474,Baker,,scraped,2026-07-07T02:28:16.902544,
c71cbcfb5e235a7f,https://www.linkedin.com/jobs/view/baker-at-texas-roadhouse-4354041636,Baker,,scraped,2026-07-07T02:28:42.781305,
1a62a7b8832b2cc5,https://www.linkedin.com/jobs/view/fast-interview-fast-start-in-quakertown-pa-at-comfort-keepers-4432782340,Fast Interview Fast Start in Quakertown PA,Comfort Keepers,posted,2026-07-07T02:28:58.695162,57
ec25cf8cf66120dd,https://www.linkedin.com/jobs/view/multi-skilled-technician-at-walmart-4427182983,Multi-Skilled Technician,,scraped,2026-07-07T02:29:01.363379,
246bf3320baed945,https://www.linkedin.com/jobs/view/delivery-driver-06051-1538-n-main-st-at-domino-s-4433132849,Delivery Driver(06051)  1538 N Main St,,scraped,2026-07-07T02:29:08.950353,
1a06a3c2acfe435b,https://www.linkedin.com/jobs/view/baker-at-texas-roadhouse-4258162522,Baker,,scraped,2026-07-07T02:29:20.220282,
cab54c1801373b27,https://www.linkedin.com/jobs/view/fp-a-analyst-at-icx-group-4437492661,FP&A Analyst,,scraped,2026-07-07T02:29:28.764033,
2c51dd43dc3b5ad5,https://www.linkedin.com/jobs/view/college-admissions-counselor-at-connectprep-4437488469,College Admissions Counselor,ConnectPrep,posted,2026-07-07T02:31:17.361275,59
f1f3b96c1392f514,https://www.linkedin.com/jobs/view/investment-analyst-at-kbw-financial-staffing-recruiting-4437484231,Investment Analyst,,scraped,2026-07-07T02:31:20.026944,
a1660547ca8f91f3,https://www.linkedin.com/jobs/view/associate-ads-and-promotions-100%25-remote-at-the-mom-project-4437492235,"Associate, Ads and Promotions (100% Remote)",,scraped,2026-07-07T02:31:27.273037,
3f8b205aa279aaad,https://www.linkedin.com/jobs/view/training-and-development-specialist-at-kairoi-residential-4437499980,Training and Development Specialist,,scraped,2026-07-07T02:31:34.444908,
3b4ea0f62030eb67,https://www.linkedin.com/jobs/view/client-services-advisor-at-alder-4437484375,Client Services Advisor,,scraped,2026-07-07T02:31:42.251070,
07a15cf38e0b3bee,https://www.linkedin.com/jobs/view/director-of-training-at-allied-universal-4437700043,Director of Training,,scraped,2026-07-07T02:32:00.727682,
c57ee1859a9b4321,https://www.linkedin.com/jobs/view/fire-chief-at-city-of-red-oak-texas-4437715325,Fire Chief,,scraped,2026-07-07T02:33:26.720065,
0bca99b34effea0c,https://www.linkedin.com/jobs/view/systems-administrator-senior-level-at-link-solutions-inc-4437721242,Systems Administrator (Senior-Level),,scraped,2026-07-07T02:33:34.189450,
1c897f045a358f93,https://www.linkedin.com/jobs/view/enterprise-account-executive-at-letl-4437708166,Enterprise Account Executive,,scraped,2026-07-07T02:33:42.358733,
ad289ba6db90abe0,https://www.linkedin.com/jobs/view/senior-talent-acquisition-partner-at-habitat-health-4437495107,Senior Talent Acquisition Partner,,scraped,2026-07-07T02:33:49.347203,
c7c137da620f5d82,https://www.linkedin.com/jobs/view/ux-designer-i-at-pacific-life-4437495464,UX Designer I,,scraped,2026-07-07T02:35:13.974933,
f7e1a450dff9cf8f,https://www.linkedin.com/jobs/view/senior-consultant-at-dmi-4437497733,Senior Consultant,,scraped,2026-07-07T02:35:28.203724,
b3ed282c22c4c4a4,https://www.linkedin.com/jobs/view/data-analyst-at-tential-solutions-4437474836,Data Analyst,,scraped,2026-07-07T02:35:37.753235,
ede043ba6c68b61b,https://www.linkedin.com/jobs/view/senior-processor-at-new-american-funding-4437474822,Senior Processor,,scraped,2026-07-07T02:36:08.692875,
f37b69e3675accf4,https://www.linkedin.com/jobs/view/admission-advisor-iii-at-georgia-institute-of-technology-4437477573,Admission Advisor III,Georgia Institute of Technology,posted,2026-07-07T02:36:25.887358,61
2f4899de6499fc75,https://www.linkedin.com/jobs/view/engagement-manager-at-talentpluto-4437489660,Engagement Manager,,scraped,2026-07-07T02:36:28.706378,
d9fc5668921329a9,https://www.linkedin.com/jobs/view/regional-recruiter-at-paramount-residential-mortgage-group-4437715465,Regional Recruiter,,scraped,2026-07-07T02:36:35.543495,
d177cfd5292dcc86,https://www.linkedin.com/jobs/view/executive-assistant-at-net2source-n2s-4437479633,Executive Assistant,Net2Source (N2S),posted,2026-07-07T02:36:50.304683,63
29142581693c0f06,https://www.linkedin.com/jobs/view/after-school-program-manager-at-kama-aina-kids-4437705569,After School Program Manager,Kama'aina Kids,posted,2026-07-07T02:37:38.180244,65
10e2b6897fd7606a,https://www.linkedin.com/jobs/view/sex-crimes-and-domestic-violence-deputy-prosecutor-juvenile-division-at-city-of-indianapolis-4437700749,Sex Crimes and Domestic Violence Deputy Prosecutor - Juvenile Division,,scraped,2026-07-07T02:37:40.997365,
16f2fcaa85a2c2d7,https://www.linkedin.com/jobs/view/content-strategist-%E2%80%93-marketing-at-alignerr-4437706362,Content Strategist – Marketing,Alignerr,posted,2026-07-07T02:38:28.878938,67
e0761adb7c9e2b87,https://www.linkedin.com/jobs/view/program-mgr-trails-greenways-dpw-design-at-city-of-indianapolis-4437721050,Program Mgr Trails/Greenways - DPW-Design,,scraped,2026-07-07T02:38:31.603340,
e6addd7d38a95503,https://www.linkedin.com/jobs/view/workforce-pathways-professional-%E2%80%93-health-services-consultant-disaster-epidemiology-hsc1-doh8936-at-washington-state-department-of-health-4437702797,"Workforce Pathways Professional – Health Services Consultant, Disaster Epidemiology (HSC1) DOH8936",Washington State Department of Health,posted,2026-07-07T02:38:52.341600,69
952bd255fcc66de5,https://www.linkedin.com/jobs/view/regional-sales-business-development-director-%E2%80%93-eastern-north-america-at-imt-analytics-4437490357,Regional Sales & Business Development Director – Eastern North America,,scraped,2026-07-07T02:38:55.250630,
29840127eaba2e11,https://www.linkedin.com/jobs/view/neuropsychology-testing-technician-at-keck-medicine-of-usc-4437485367,Neuropsychology Testing Technician,Keck Medicine of USC,posted,2026-07-07T02:39:11.588261,71
d479d82f09466581,https://www.linkedin.com/jobs/view/video-producer-the-arena-with-kasie-hunt-at-cnn-4437485187,"Video Producer, The Arena with Kasie Hunt",CNN,posted,2026-07-07T02:39:27.150040,73
d3f8a94ffd59910a,https://www.linkedin.com/jobs/view/deputy-sheriff-at-richmond-city-sheriff%E2%80%99s-office-rcso-4437702162,Deputy Sheriff,,scraped,2026-07-07T02:39:29.867770,
95da13b3da4d1025,https://www.linkedin.com/jobs/view/regional-clinical-operations-manager-at-jumpstartmd-4437481769,Regional Clinical Operations Manager,,scraped,2026-07-07T02:39:40.386349,
bfd1e2917c6dd67c,https://www.linkedin.com/jobs/view/housekeeper-at-pikes-peak-post-acute-4437715100,Housekeeper,,scraped,2026-07-07T02:40:00.502976,
92a23b5acb5cc260,https://www.linkedin.com/jobs/view/tri-cities-tn-click-here-at-assett-commercial-services-4436179937,"Tri Cities, TN: Click Here",,scraped,2026-07-07T02:40:21.333347,
0cd030d64b1a5e85,https://www.linkedin.com/jobs/view/utility-locator-at-usic-4427060821,Utility Locator,USIC,posted,2026-07-07T02:40:51.637118,75
0967fff7b1db364b,https://www.linkedin.com/jobs/view/transportation-operations-technician-i-at-state-of-vermont-4431930760,Transportation Operations Technician I,,scraped,2026-07-07T02:40:54.518201,
7b558b8ee4645d33,https://www.linkedin.com/jobs/view/payroll-specialist-at-bbsi-4436240159,Payroll Specialist,,scraped,2026-07-07T02:41:01.439279,
12a99bd630942524,https://www.linkedin.com/jobs/view/to-go-specialist-at-chuy-s-restaurants-4436068153,To Go Specialist,,scraped,2026-07-07T02:41:19.588385,
4031817378b0ac3f,https://www.linkedin.com/jobs/view/porter-all-shifts-available-at-lv-petroleum-llc-4436405685,Porter-All Shifts Available.,,scraped,2026-07-07T02:41:31.703615,
3c0420e46582ab7c,https://www.linkedin.com/jobs/view/pre-inspection-specialist-at-u-haul-4437706597,Pre-Inspection Specialist,U-Haul,posted,2026-07-07T02:43:29.620948,77
1e9a325b37c6eaa0,https://www.linkedin.com/jobs/view/courier-at-pace%C2%AE-analytical-services-4414915589,Courier,Pace® Analytical Services,posted,2026-07-07T02:43:41.632204,79
297d623ec5b1454c,https://www.linkedin.com/jobs/view/quotations-specialist-at-graybar-4435810516,Quotations Specialist,Graybar,posted,2026-07-07T02:43:52.937455,81
8f25f2f318a9a871,https://www.linkedin.com/jobs/view/to-go-specialist-at-chuy-s-restaurants-4435706812,To Go Specialist,,scraped,2026-07-07T02:43:55.810871,
241fb97f8e6b4917,https://www.linkedin.com/jobs/view/now-hiring-caregivers-%2B-%242000-bonus-at-thekey-4381463913,Now Hiring Caregivers + $2000 Bonus,TheKey,posted,2026-07-07T02:46:25.996149,83
8adca81324b03baa,https://www.linkedin.com/jobs/view/baker-at-einstein-bros-bagels-4436167173,Baker,Einstein Bros Bagels,posted,2026-07-07T02:46:35.394442,85
03c7083860a73267,https://www.linkedin.com/jobs/view/preventative-general-maintenance-at-virginia-mennonite-retirement-community-inc-4436928121,Preventative & General Maintenance,,scraped,2026-07-07T02:46:37.998736,
5a29aaabd3a28aed,https://www.linkedin.com/jobs/view/maintenance-at-merrick-engineering-inc-4436029237,Maintenance,,scraped,2026-07-07T02:46:52.380613,
8ea9abcc9f946dc3,https://www.linkedin.com/jobs/view/railroad-flagger-at-national-railroad-safety-services-inc-nrss-4436941270,Railroad Flagger,,scraped,2026-07-07T02:47:17.997166,
cf3d349cc61ee35e,https://www.linkedin.com/jobs/view/hugoton-ks-talent-community-at-flora-food-group-4366790002,"Hugoton, KS - Talent Community",,scraped,2026-07-07T02:48:32.808347,
89b58e442db9e36f,https://www.linkedin.com/jobs/view/delivery-driver-up-to-%241-120-00-per-week-at-pacific-delivery-and-logistics-llc-4436760635,"Delivery Driver *Up to $1,120.00 per Week*","Pacific Delivery and Logistics, LLC",posted,2026-07-07T02:49:05.051526,87
3b977a2400fce954,https://www.linkedin.com/jobs/view/quickbooks-online-expert-at-vaco-by-highspring-4436377492,QuickBooks Online Expert,,scraped,2026-07-07T02:49:07.988999,
2dfb033969ab9b2d,https://www.linkedin.com/jobs/view/field-technician-customer-service-at-the-junkluggers-of-central-va-4432378099,Field Technician-Customer Service,,scraped,2026-07-07T02:49:15.185482,
04a3ef1a4fe75193,https://www.linkedin.com/jobs/view/custodial-technician-evenings-at-reno-county-kansas-government-4436456951,Custodial Technician - Evenings,"Reno County, Kansas - Government",posted,2026-07-07T02:50:16.915233,89
d6de39689f5a3167,https://www.linkedin.com/jobs/view/vice-president-hts-magnet-engineering-at-thea-energy-4437706186,Vice President - HTS Magnet Engineering,,scraped,2026-07-07T02:50:19.650571,
97403249221a4696,https://www.linkedin.com/jobs/view/health-policy-management-ai-content-specialist-at-alignerr-4437713278,Health Policy & Management - AI Content Specialist,,scraped,2026-07-07T02:50:26.755633,
83240c65f3edc66f,https://www.linkedin.com/jobs/view/account-executive-at-talentpluto-4437494553,Account Executive,,scraped,2026-07-07T02:50:38.912679,
24a19fd03b157bb3,https://www.linkedin.com/jobs/view/clinical-data-manager-at-trident-consulting-4437490331,Clinical Data Manager,,scraped,2026-07-07T02:50:45.791559,
8db3f181c7c0a92c,https://www.linkedin.com/jobs/view/visual-storytelling-prompt-writer-at-alignerr-4437716144,Visual Storytelling Prompt Writer,,scraped,2026-07-07T02:52:16.243338,
51bfeae12711dcfd,https://www.linkedin.com/jobs/view/regional-sales-manager-%E2%80%93-sports-education-markets-at-steverecruiter-llc-4437498972,Regional Sales Manager – Sports & Education Markets,,scraped,2026-07-07T02:52:23.352849,
a5a60e51671269d4,https://www.linkedin.com/jobs/view/account-executive-at-buildbuddy-4437486259,Account Executive,,scraped,2026-07-07T02:52:30.388963,
49c922bba5dba0b0,https://www.linkedin.com/jobs/view/billing-coordinator-at-pathways-personnel-4437484508,Billing Coordinator,,scraped,2026-07-07T02:52:57.894912,
a0791bf5566eb5eb,https://www.linkedin.com/jobs/view/part-time-podiatrist-outpatient-clinic-setting-at-comprehensive-mobile-care-4437490244,Part-Time Podiatrist | Outpatient Clinic Setting,,scraped,2026-07-07T02:53:29.169551,
73d350f1454065a8,https://www.linkedin.com/jobs/view/ai-deployment-engineer-at-transformworks-4437491169,AI Deployment Engineer,,scraped,2026-07-07T02:53:43.490924,
8a04b20218a48894,https://www.linkedin.com/jobs/view/litigation-paralegal-at-gt-restructuring-4437493157,Litigation Paralegal,,scraped,2026-07-07T02:53:50.500126,
9063196b746a65c2,https://www.linkedin.com/jobs/view/national-account-manager-at-cogent-communications-4437497650,National Account Manager,,scraped,2026-07-07T02:55:10.266903,
83aeadc4f4df8a10,https://www.linkedin.com/jobs/view/associate-business-solutions-analyst-at-farmers-insurance-4437707109,Associate Business Solutions Analyst,Farmers Insurance,posted,2026-07-07T02:56:36.862728,91
9d17a96738890043,https://www.linkedin.com/jobs/view/future-clinical-research-opportunities-at-delricht-research-4437499518,Future Clinical Research Opportunities,,scraped,2026-07-07T02:56:39.600021,
27770ebcbf133587,https://www.linkedin.com/jobs/view/director-of-advancement-college-of-educational-and-behavioral-sciences-at-university-of-indianapolis-4437493768,Director of Advancement - College of Educational and Behavioral Sciences,University of Indianapolis,posted,2026-07-07T02:56:56.034252,93
2769f13f40cdc269,https://www.linkedin.com/jobs/view/remote-rebar-project-manager-at-white-cap-4437477616,Remote Rebar Project Manager,,scraped,2026-07-07T02:56:58.727741,
6a295d540e49fb38,https://www.linkedin.com/jobs/view/corporate-real-estate-transaction-specialist-at-ferguson-4437706506,Corporate Real Estate Transaction Specialist,Ferguson,posted,2026-07-07T02:58:42.326702,95
48c3c66b2a361dcc,https://www.linkedin.com/jobs/view/natural-resource-conservation-scientist-at-alignerr-4437704467,Natural Resource Conservation Scientist,,scraped,2026-07-07T02:58:45.005730,
d72377ff38392ba1,https://www.linkedin.com/jobs/view/management-associate-at-rogers-enterprises-inc-rogers-hollands-ashcroft-oak-4437492314,Management Associate,,scraped,2026-07-07T02:58:51.969136,
9d77805efb60d300,https://www.linkedin.com/jobs/view/data-analyst-associate-at-ut-health-san-antonio-4437708439,Data Analyst-Associate,UT Health San Antonio,posted,2026-07-07T02:59:19.165311,97
8312f22fe52b290d,https://www.linkedin.com/jobs/view/client-setup-analyst-at-independence-blue-cross-4437496964,Client Setup Analyst,,scraped,2026-07-07T02:59:21.858775,
189088124e3e4bbe,https://www.linkedin.com/jobs/view/solutions-engineer-at-buildbuddy-4437485286,Solutions Engineer,BuildBuddy,posted,2026-07-07T03:00:14.596469,99
01666b172a35dc38,https://www.linkedin.com/jobs/view/director-of-marketing-at-pikes-peak-post-acute-4437711194,Director of Marketing,Pikes Peak Post Acute,posted,2026-07-07T03:00:48.217416,101
3e6891c1ec65dc74,https://www.linkedin.com/jobs/view/regional-property-manager-indianapolis-in-at-buckingham-companies-4437710519,"Regional Property Manager (Indianapolis, IN)",,scraped,2026-07-07T03:00:50.920095,
d61dd4b67dfce955,https://www.linkedin.com/jobs/view/business-analyst-at-alignerr-4437499706,Business Analyst,,scraped,2026-07-07T03:01:02.410992,
28e44d436bc969b7,https://www.linkedin.com/jobs/view/senior-program-manager-at-dpp-tech-4437493276,Senior Program Manager,,scraped,2026-07-07T03:01:09.591568,
d4ccdb3360611637,https://www.linkedin.com/jobs/view/clinical-research-coordinator-at-flourish-research-4437721330,Clinical Research Coordinator,,scraped,2026-07-07T03:01:53.764838,
d73b958c28017e8d,https://www.linkedin.com/jobs/view/program-manager-fleet-strategy-contingency-planning-at-propark-mobility-4437493665,"Program Manager, Fleet Strategy & Contingency Planning",,scraped,2026-07-07T03:03:24.232454,
d7dfa76861b76d51,https://www.linkedin.com/jobs/view/workday-absence-benefits-analyst-at-kforce-inc-4437475661,Workday Absence / Benefits Analyst,,scraped,2026-07-07T03:03:43.574257,
8647aa9cdc43ebaf,https://www.linkedin.com/jobs/view/part-time-podiatrist-outpatient-clinic-setting-at-comprehensive-mobile-care-4437485358,Part-Time Podiatrist | Outpatient Clinic Setting,,scraped,2026-07-07T03:03:50.732028,
16f81d736cecc44b,https://www.linkedin.com/jobs/view/8209/,267Ski Snowboard Instructor Jobs in United States,,failed|wp_post_failed,2026-07-07T03:05:18.760414,
8a36bc5796ca9c00,https://www.linkedin.com/jobs/view/to-go-specialist-at-chuy-s-restaurants-4434671862,To Go Specialist,,scraped,2026-07-07T03:05:21.502362,
a7b02568ebbc1669,https://www.linkedin.com/jobs/view/baker-at-texas-roadhouse-4310747575,Baker,,scraped,2026-07-07T03:05:31.715794,
7f7a556ffa2d98df,https://www.linkedin.com/jobs/view/deliver-expert-4413-2495-lincoln-hiway-east-unit-21-at-domino-s-4431991633,Deliver Expert (4413)-2495 Lincoln Hiway East Unit 21,,scraped,2026-07-07T03:06:44.268691,
f8b77bd0b5363699,https://www.linkedin.com/jobs/view/delivery-driver-1400-trenton-tn-at-domino-s-4431994431,"Delivery Driver (1400) - Trenton, TN",,scraped,2026-07-07T03:07:22.630853,
c54e629f8235002e,https://www.linkedin.com/jobs/view/delivery-driver-06060-1454-sheridan-ave-at-domino-s-4432724558,Delivery Driver(06060)  1454 Sheridan Ave,,scraped,2026-07-07T03:08:26.188338,
1d1736306cb34155,https://www.linkedin.com/jobs/view/delivery-driver-07029-2410-s-park-st-at-domino-s-4432729579,Delivery Driver(07029)  2410 S Park St,,scraped,2026-07-07T03:09:11.656559,
69a9943af15de53f,https://www.linkedin.com/jobs/view/continuous-skills-development-trainer-at-walmart-4435368539,Continuous Skills Development Trainer,,scraped,2026-07-07T03:09:25.720122,
1e7ec2b89d4b217e,https://www.linkedin.com/jobs/view/delivery-expert-7399-at-domino-s-4433123986,Delivery Expert (7399),,scraped,2026-07-07T03:10:04.144331,
656fe84ba559d310,https://www.linkedin.com/jobs/view/baker-at-texas-roadhouse-4259818042,Baker,Texas Roadhouse,posted,2026-07-07T03:10:21.934499,85
3be7816538705fc5,https://www.linkedin.com/jobs/view/thank-you-for-your-interest-in-our-driver-and-mover-positions%21-please-review-our-current-openings-and-submit-your-information-today%21-at-all-my-sons-moving-storage-4431979796,Thank you for your interest in our Driver and Mover positions! Please review our current openings and submit your information today!,All My Sons Moving &amp; Storage,posted,2026-07-07T03:10:32.729029,103
78845892d891c72e,https://www.linkedin.com/jobs/view/cart-attendant-at-walmart-4437115515,Cart Attendant,Walmart,posted,2026-07-07T03:10:46.030119,105
7752f225c8fc6a15,https://www.linkedin.com/jobs/view/maintenance-technician-at-walmart-4427505010,Maintenance Technician,,scraped,2026-07-07T03:10:48.912314,
2f3bd3279a56743c,https://www.linkedin.com/jobs/view/delivery-expert-at-domino-s-4433731142,Delivery Expert,,scraped,2026-07-07T03:11:10.737482,
633bf4dc8f81405c,https://www.linkedin.com/jobs/view/usa-technician-general-facilities-maintenance-at-walmart-4435394304,"(USA) Technician, General Facilities Maintenance",,scraped,2026-07-07T03:11:17.742880,
a5deb72330671d40,https://www.linkedin.com/jobs/view/baker-at-texas-roadhouse-4340974193,Baker,,scraped,2026-07-07T03:11:25.295578,
288d9c5de5ee2c1a,https://www.linkedin.com/jobs/view/delivery-expert-7305-at-domino-s-4433135597,Delivery Expert (7305),,scraped,2026-07-07T03:11:46.343838,
895f1fee7695ae39,https://www.linkedin.com/jobs/view/baker-at-texas-roadhouse-4221502690,Baker,,scraped,2026-07-07T03:12:12.670821,
88193e84ae77217c,https://www.linkedin.com/jobs/view/storm-damage-expert-hiring-immediately%21-at-best-choice-roofing-4426545035,Storm Damage Expert - Hiring Immediately!,,scraped,2026-07-07T03:12:35.039955,
3c151de76c0febb5,https://www.linkedin.com/jobs/view/join-the-pros-at-landpro-equipment-llc-4436184924,Join the PROs,,scraped,2026-07-07T03:12:42.345224,
ad6f50366662994e,https://www.linkedin.com/jobs/view/stock-associate-at-guess%3F-llc-4437710240,Stock Associate,,scraped,2026-07-07T03:12:53.828257,
5bcc3d4d7378c0cd,https://www.linkedin.com/jobs/view/graduate-research-appointment-wangensteen-lab-at-mayo-clinic-4437484325,Graduate Research Appointment - Wangensteen Lab,Mayo Clinic,posted,2026-07-07T03:13:10.111210,107
fc1fdf3e6daa3c6a,https://www.linkedin.com/jobs/view/ai-engineer-remote-at-yo-it-consulting-4437703727,AI Engineer - Remote,,scraped,2026-07-07T03:13:12.858202,
f859ea65d04c0e64,https://www.linkedin.com/jobs/view/change-management-consultant-at-trilyon-inc-4437481650,Change Management Consultant,,scraped,2026-07-07T03:13:19.281401,
2b797fdecaaf8a1a,https://www.linkedin.com/jobs/view/solidwork-drafter-at-golden-boat-lifts-4437496293,Solidwork Drafter,,scraped,2026-07-07T03:13:35.692113,
622c5414d52b59fe,https://www.linkedin.com/jobs/view/java-developer-remote-at-yo-it-consulting-4437712545,Java Developer - Remote,,scraped,2026-07-07T03:13:48.623798,
7becfa5038d87929,https://www.linkedin.com/jobs/view/stock-associate-at-guess%3F-llc-4437703416,Stock Associate,,scraped,2026-07-07T03:13:54.832127,
ff24586cff2ec199,https://www.linkedin.com/jobs/view/soil-and-water-conservation-scientist-at-alignerr-4437701638,Soil and Water Conservation Scientist,,scraped,2026-07-07T03:14:02.432950,
52a4649f350a1004,https://www.linkedin.com/jobs/view/ehr-annotation-specialist-at-alignerr-4437711278,EHR Annotation Specialist,,scraped,2026-07-07T03:14:09.373815,
ca32f3936cbc59ff,https://www.linkedin.com/jobs/view/clinic-services-specialist-obgyn-at-university-of-iowa-4437711350,Clinic Services Specialist - OBGYN,University of Iowa,posted,2026-07-07T03:14:25.549403,109
95b9cceb306e3d3c,https://www.linkedin.com/jobs/view/assistant-operating-director-at-cornerstone-caregiving-4437476723,Assistant Operating Director,,scraped,2026-07-07T03:14:28.232438,
8db3b21993cfda84,https://www.linkedin.com/jobs/view/hospitality-experience-associate-%E2%80%93-tea-connoisseur-full-time-32-35-hours-at-the-queen-s-library-tea-room-4437706293,Hospitality Experience Associate – Tea Connoisseur (Full-time/32 - 35 hours) -,The Queen's Library Tea Room,posted,2026-07-07T03:14:42.275725,111
a6941aa7bb0b2ddf,https://www.linkedin.com/jobs/view/paralegal-at-broward-county-public-schools-4437715341,PARALEGAL,,scraped,2026-07-07T03:14:44.981261,
0c71b5bf11e274e1,https://www.linkedin.com/jobs/view/loan-officer-at-paramount-residential-mortgage-group-4437701926,Loan Officer,,scraped,2026-07-07T03:14:58.291920,
181019c2ecc8d986,https://www.linkedin.com/jobs/view/wildlife-and-habitat-conservation-scientist-at-alignerr-4437712219,Wildlife and Habitat Conservation Scientist,Alignerr,posted,2026-07-07T03:15:41.300694,113
9ffadbf9820f2c2a,https://www.linkedin.com/jobs/view/risk-management-analyst-at-rotaract-encg-k%C3%A9nitra-4437713148,Risk Management Analyst,Rotaract ENCG Kénitra,posted,2026-07-07T03:15:52.295261,115
527dac8c0656ce4f,https://www.linkedin.com/jobs/view/loan-officer-at-paramount-residential-mortgage-group-4437714557,Loan Officer,,scraped,2026-07-07T03:15:54.939224,
8974cb464c408bc5,https://www.linkedin.com/jobs/view/customer-support-specialist-sage-hcm-at-sage-4437477560,Customer Support Specialist- Sage HCM,Sage,posted,2026-07-07T03:16:34.573540,117
1db42ef9dec00221,https://www.linkedin.com/jobs/view/anesthesia-tech-at-mayo-clinic-4437473945,Anesthesia Tech,Mayo Clinic,posted,2026-07-07T03:16:43.155520,119
ef07e6a28ac23d3b,https://www.linkedin.com/jobs/view/security-guard-at-admiral-security-services-4437716397,Security Guard,Admiral Security Services,posted,2026-07-07T03:16:52.117241,121
0d55c2c0f56817d6,https://www.linkedin.com/jobs/view/janitor-busser-at-chuy-s-restaurants-4436066241,Janitor/Busser,Chuy's Restaurants,posted,2026-07-07T03:17:03.510841,123
41700531f67614ed,https://www.linkedin.com/jobs/view/environmental-services-team-member-at-mainehealth-4434678027,Environmental Services Team Member,MaineHealth,posted,2026-07-07T03:17:19.561487,125
30eedbd4391716ab,https://www.linkedin.com/jobs/view/pharmacy-technician-at-safeway-4436911336,Pharmacy Technician,,scraped,2026-07-07T03:17:22.273541,
4965d4bc747669cf,https://www.linkedin.com/jobs/view/student-maintenance-helper-at-chugach-government-solutions-llc-4428174368,Student Maintenance Helper,,scraped,2026-07-07T03:17:35.399267,
6c4807c29529d0f5,https://www.linkedin.com/jobs/view/team-member-fast-at-tractor-supply-company-4427673214,"Team Member, FAST",,scraped,2026-07-07T03:17:55.782185,
0de6b07c39ed04cf,https://www.linkedin.com/jobs/view/canvassing-lead-generation-at-flotilla-partners-4435810536,Canvassing Lead Generation,Flotilla Partners,posted,2026-07-07T03:18:21.291460,127
450f0bfef760a57c,https://www.linkedin.com/jobs/view/store-manager-in-training-at-cvs-health-4437434596,Store Manager in Training,,scraped,2026-07-07T03:18:24.241198,
8d113fad35d4a78b,https://www.linkedin.com/jobs/view/janitor-ii-at-hyve-solutions-4427568863,janitor II,,scraped,2026-07-07T03:18:31.175531,
c3d65a958cc5f11d,https://www.linkedin.com/jobs/view/baker-at-texas-roadhouse-4268548916,Baker,Texas Roadhouse,posted,2026-07-07T03:18:45.202010,85
a5d2c0594b48752b,https://www.linkedin.com/jobs/view/procurement-officer-piedmont-geriatric-hospital-at-virginia-cannabis-control-authority-4436244271,Procurement Officer-Piedmont Geriatric Hospital,,scraped,2026-07-07T03:18:47.868173,
572490556643c48c,https://www.linkedin.com/jobs/view/escrow-coordinator-at-stewart-title-4437495175,Escrow Coordinator,,scraped,2026-07-07T03:18:54.618797,
15149b1b48e8d0fa,https://www.linkedin.com/jobs/view/sales-director-electronic-components-brokering-at-asc-global-4437702563,Sales Director - Electronic Components Brokering,,scraped,2026-07-07T03:19:12.934343,
fed213e1f85a4f06,https://www.linkedin.com/jobs/view/er-attendant-ii-at-huntsville-hospital-4437707698,ER Attendant II,,scraped,2026-07-07T03:19:34.533744,
0ddf08d08b2ed209,https://www.linkedin.com/jobs/view/financial-analyst-at-alignerr-4437711267,Financial Analyst,,scraped,2026-07-07T03:19:53.617982,
f4974c1d9db6774f,https://www.linkedin.com/jobs/view/pickleball-coach-private-in-antioch-teachme-to-at-teachme-to-4437718300,Pickleball Coach (Private) in Antioch | TeachMe.To,,scraped,2026-07-07T03:20:00.657008,
be76d1632fdc5f1b,https://www.linkedin.com/jobs/view/senior-manager-digital-product-ai-at-cvs-health-4437485928,Senior Manager - Digital Product (AI),,scraped,2026-07-07T03:20:09.430133,
f6d604c2a1288fc9,https://www.linkedin.com/jobs/view/patient-service-rep-at-riverview-health-4437722004,Patient Service Rep,Riverview Health,posted,2026-07-07T03:20:57.252240,129
72d9ebf4fb68b6ee,https://www.linkedin.com/jobs/view/creative-strategist-brand-experience-strategy-and-ai-integration-at-hewlett-packard-enterprise-4437488195,"Creative Strategist, Brand Experience Strategy and AI Integration",Hewlett Packard Enterprise,posted,2026-07-07T03:21:34.654981,131
6b63a8ccdbee358c,https://www.linkedin.com/jobs/view/enterprise-account-executive-at-building-ai-solutions-aida-%E2%84%A2-4437497620,Enterprise Account Executive,,scraped,2026-07-07T03:21:37.316905,
7479c06c57e6c606,https://www.linkedin.com/jobs/view/sr-quality-engineer-at-canopy-aerospace-defense-4437492449,Sr. Quality Engineer,,scraped,2026-07-07T03:21:45.404084,
c6f95a6d9998a928,https://www.linkedin.com/jobs/view/commodity-manager-mechanical-at-maverick-power-4437717035,Commodity Manager - Mechanical,,scraped,2026-07-07T03:21:59.853815,
0d01a369f334a660,https://www.linkedin.com/jobs/view/brand-marketing-director-%E2%80%93-fashion-at-24-seven-talent-4437497787,Brand Marketing Director – Fashion,,scraped,2026-07-07T03:22:16.152566,
e114d38f6ca94dd6,https://www.linkedin.com/jobs/view/software-engineering-internship-%E2%80%93-hackathon-winners-wanted-at-elevated-web-design-4437720290,Software Engineering Internship – Hackathon Winners Wanted,Elevated Web Design,posted,2026-07-07T03:22:38.590924,133
17c0f85dca94bbf4,https://www.linkedin.com/jobs/view/regional-account-manager-sr-regional-account-manager-at-csl-4437704338,Regional Account Manager/Sr. Regional Account Manager,,scraped,2026-07-07T03:22:41.216624,
0721be04581d4f86,https://www.linkedin.com/jobs/view/regional-sales-manager-%E2%80%93-foodservice-western-u-s-at-new-age-industrial-corp-inc-4437487892,Regional Sales Manager – Foodservice (Western U.S.),,scraped,2026-07-07T03:22:47.875724,
1365725fa521f52a,https://www.linkedin.com/jobs/view/women-s-health-concierge-practice-manager-at-together-women-s-health-4437716431,Women's Health Concierge Practice Manager,Together Women's Health,posted,2026-07-07T03:23:13.591010,135
0470f54b3b34d7d6,https://www.linkedin.com/jobs/view/hr-program-analyst-at-system-one-4437488546,HR Program Analyst,System One,posted,2026-07-07T03:23:23.586323,137
ee86f034f8b3a4f7,https://www.linkedin.com/jobs/view/%C2%A0ai-trainer-lead-remote-at-yo-it-consulting-4437709665,AI Trainer Lead - Remote,,scraped,2026-07-07T03:23:26.286221,
fe6754ffc652336e,https://www.linkedin.com/jobs/view/%C2%A0ai-trainer-lead-remote-at-yo-it-consulting-4437715479,AI Trainer Lead - Remote,,scraped,2026-07-07T03:23:32.740383,
bb569f5d776320ff,https://www.linkedin.com/jobs/view/director-of-graduate-enrollment-management-at-yeshiva-university-4437709422,Director of Graduate Enrollment Management,Yeshiva University,posted,2026-07-07T03:23:46.980508,139
98a89b0b76ffb12f,https://www.linkedin.com/jobs/view/business-development-representative-at-talentpluto-4437485718,Business Development Representative,,scraped,2026-07-07T03:23:49.584674,
b8b42ede1b736fe0,https://www.linkedin.com/jobs/view/business-development-representative-at-talentpluto-4437486492,Business Development Representative,talentpluto,posted,2026-07-07T03:24:08.293228,141
7e8249e23277af2f,https://www.linkedin.com/jobs/view/math-teacher-at-lexington-county-school-district-one-4437482367,Math Teacher,Lexington County School District One,posted,2026-07-07T03:24:22.114007,143
0f332ad94ef3b958,https://www.linkedin.com/jobs/view/remote-rebar-project-manager-at-white-cap-4437479531,Remote Rebar Project Manager,White Cap,posted,2026-07-07T03:24:32.137019,145
b58e6c10cf409f81,https://www.linkedin.com/jobs/view/business-analyst-at-alignerr-4437707320,Business Analyst,Alignerr,posted,2026-07-07T03:24:45.753999,147
fc5adfb325bb50c2,https://www.linkedin.com/jobs/view/human-resources-business-partner-at-binding-minds-inc-certified-disability-owned-business-enterprise-4437704282,Human Resources Business Partner,Binding Minds Inc. (Certified Disability Owned Business Enterprise),posted,2026-07-07T03:24:55.278412,149
b347eee011e1319e,https://www.linkedin.com/jobs/view/security-supervisor-at-menzies-aviation-latam-4437491293,Security Supervisor,,scraped,2026-07-07T03:24:57.987270,
05939ec2a7e6fb87,https://www.linkedin.com/jobs/view/administrative-assistant-at-acquire4hire-4437716228,Administrative Assistant,Acquire4Hire,posted,2026-07-07T03:25:12.265236,151
b40056a53c91f55d,https://www.linkedin.com/jobs/view/clinics-registered-nurse-rn-at-heart-of-the-rockies-regional-medical-center-4437478980,Clinics Registered Nurse (RN),Heart of the Rockies Regional Medical Center,posted,2026-07-07T03:25:22.430567,153
1d806a05d2c5dce8,https://www.linkedin.com/jobs/view/data-center-project-manager-at-hill-wilkinson-general-contractors-4437700518,Data Center Project Manager,Hill &amp; Wilkinson General Contractors,posted,2026-07-07T03:25:32.283507,155
1e8c78bb5088961b,https://www.linkedin.com/jobs/view/champ-roadside-motorist-patroller-district-1-at-aecom-4435248898,CHAMP Roadside Motorist Patroller - District 1,AECOM,posted,2026-07-07T03:25:44.315563,157
3fd231b042ff40df,https://www.linkedin.com/jobs/view/storm-damage-expert-%2480k%2B-opportunity-at-best-choice-roofing-4436793621,Storm Damage Expert - $80K+ Opportunity,Best Choice Roofing,posted,2026-07-07T03:25:54.471526,159
de46301aaf69afe7,https://www.linkedin.com/jobs/view/payroll-specialist-at-frontier-kemper-constructors-inc-4433974247,Payroll Specialist,"Frontier-Kemper Constructors, Inc.",posted,2026-07-07T03:26:06.427631,161
95da04d4762d8eb2,https://www.linkedin.com/jobs/view/construction-scheduler-must-be-onsite-in-aiken-sc-at-ies-communications-4408038371,"Construction Scheduler - MUST BE ONSITE IN AIKEN, SC",,scraped,2026-07-07T03:26:09.289484,
1967c742ccbcee0e,https://www.linkedin.com/jobs/view/reset-specialist-at-pepsico-4433989951,Reset Specialist,,scraped,2026-07-07T03:26:17.325721,
d9cea2075587118d,https://www.linkedin.com/jobs/view/plant-utility-at-infiltrator-water-technologies-decentralized-wastewater-treatment-solutions-4424804710,Plant Utility,,scraped,2026-07-07T03:26:24.284323,
36511d0a206f29b5,https://www.linkedin.com/jobs/view/environmental-services-aide-8090-full-time-at-st-mary-s-medical-center-huntington-wv-4436461717,Environmental Services Aide- 8090 (Full Time),,scraped,2026-07-07T03:26:36.657672,
3f024b54003fb770,https://www.linkedin.com/jobs/view/custodian-ii-at-texas-health-and-human-services-4434921553,Custodian II,Texas Health and Human Services,posted,2026-07-07T03:26:56.317182,163
6f3fd929fd80b059,https://www.linkedin.com/jobs/view/facilities-technician-st-augustine-fl-at-university-of-st-augustine-for-health-sciences-4436135467,"Facilities Technician (St. Augustine, FL)",University of St. Augustine for Health Sciences,posted,2026-07-07T03:27:07.572490,165
2297df66c577d51e,https://www.linkedin.com/jobs/view/utility-worker-%2432-07-hour-at-american-water-4436404601,Utility Worker - $32.07/hour,,scraped,2026-07-07T03:27:10.226232,
7d6653e1670df454,https://www.linkedin.com/jobs/view/paa-at-lcmc-health-4433954728,PAA,LCMC Health,posted,2026-07-07T03:27:28.121556,167
ab80498a9ad19260,https://www.linkedin.com/jobs/view/utility-locator-at-itg-communications-llc-4409107477,Utility Locator,,scraped,2026-07-07T03:27:30.782114,
5fd903da989dc944,https://www.linkedin.com/jobs/view/meat-cutter-full-time-at-bj-s-wholesale-club-4435175305,Meat Cutter Full Time,,scraped,2026-07-07T03:27:37.814388,
20426495930cec25,https://www.linkedin.com/jobs/view/house-attendant-am-shift-at-highgate-4436249867,House Attendant AM Shift,,scraped,2026-07-07T03:27:56.009713,
1b90d04c579f6080,https://www.linkedin.com/jobs/view/collision-estimator-at-crash-champions-4429123637,Collision Estimator,Crash Champions,posted,2026-07-07T03:28:47.539013,169
12506d5b4d8a41f6,https://www.linkedin.com/jobs/view/service-helper-at-the-hiller-companies-4425742025,Service Helper,,scraped,2026-07-07T03:28:50.210630,
376be10f6917d37a,https://www.linkedin.com/jobs/view/utility-locate-technician-%2421-00-%2435-00-hr-mayfield-ohio-at-elm-utility-services-4437488503,"Utility Locate Technician $21.00-$35.00/hr Mayfield, Ohio",ELM Utility Services,posted,2026-07-07T03:29:19.862820,171
1f9589ff0e38bcdf,https://www.linkedin.com/jobs/view/r-d-team-leader-at-nayax-4436373486,R&D Team Leader,,scraped,2026-07-07T03:29:22.629353,
fdecb509e2989c96,https://www.linkedin.com/jobs/view/%2436-hr-%241k-bonus-handyman-m-f-at-honey-homes-4436903081,$36/hr | $1K Bonus | Handyman | M-F,Honey Homes,posted,2026-07-07T03:29:35.508701,173
b94074a8a60e34bf,https://www.linkedin.com/jobs/view/vice-president-of-technical-support-at-iboss-4437704176,Vice President of Technical Support,,scraped,2026-07-07T03:29:38.166982,
072765112dd5acc5,https://www.linkedin.com/jobs/view/%C2%A0ai-trainer-lead-remote-at-yo-it-consulting-4437701951,AI Trainer Lead - Remote,,scraped,2026-07-07T03:29:45.434718,
8956bbe61f6dc2ea,https://www.linkedin.com/jobs/view/%C2%A0ai-trainer-lead-remote-at-yo-it-consulting-4437715476,AI Trainer Lead - Remote,,scraped,2026-07-07T03:29:51.837611,
b673669da1256b9b,https://www.linkedin.com/jobs/view/financial-analyst-at-masco-corporation-4437486955,Financial Analyst,,scraped,2026-07-07T03:29:58.097401,
b57b6dafc36de182,https://www.linkedin.com/jobs/view/case-manager-youth-services-at-connections-for-the-homeless-4437479461,Case Manager- Youth Services,Connections for the Homeless,posted,2026-07-07T03:30:12.617314,175
0694983dac19f53e,https://www.linkedin.com/jobs/view/credit-analyst-i-at-city-national-bank-4437497652,Credit Analyst I,City National Bank,posted,2026-07-07T03:30:26.683742,177
26a9da262609af2e,https://www.linkedin.com/jobs/view/assistant-teacher-at-guidepost-montessori-4437490351,Assistant Teacher,Guidepost Montessori,posted,2026-07-07T03:30:39.994295,179
47086ba27426b95e,https://www.linkedin.com/jobs/view/security-operations-analyst-at-alignerr-4437720018,Security Operations Analyst,Alignerr,posted,2026-07-07T03:30:48.703551,181
e18a23bda384fa5e,https://www.linkedin.com/jobs/view/loan-officer-at-paramount-residential-mortgage-group-4437706633,Loan Officer,,scraped,2026-07-07T03:30:51.398484,
eecca496e4e836b2,https://www.linkedin.com/jobs/view/training-specialist-donation-operations-education-training-at-liveonny-4437487302,"Training Specialist, Donation Operations Education & Training",,scraped,2026-07-07T03:30:58.266526,
f292f4fd32247465,https://www.linkedin.com/jobs/view/auto-care-center-technician-at-walmart-4427927260,Auto Care Center Technician,,scraped,2026-07-07T03:31:05.454291,
a864844d2681b676,https://www.linkedin.com/jobs/view/railroad-flagger-at-national-railroad-safety-services-inc-nrss-4436303623,Railroad Flagger,,scraped,2026-07-07T03:31:13.419925,
e6349434bc6ab3ca,https://www.linkedin.com/jobs/view/utility-locator-at-usic-4436395093,Utility Locator,,scraped,2026-07-07T03:31:20.341867,
2ac8705325044ec2,https://www.linkedin.com/jobs/view/utility-locator-at-usic-4418063008,Utility Locator,,scraped,2026-07-07T03:31:27.384677,
f226450715f06249,https://www.linkedin.com/jobs/view/utility-locator-at-usic-4417357629,Utility Locator,,scraped,2026-07-07T03:31:34.475801,
12f8a9168205b681,https://www.linkedin.com/jobs/view/to-go-specialist-at-chuy-s-restaurants-4436053670,To Go Specialist,,scraped,2026-07-07T03:31:45.891062,
8accd66b5cad905f,https://www.linkedin.com/jobs/view/railroad-flagger-at-national-railroad-safety-services-inc-nrss-4436312284,Railroad Flagger,,scraped,2026-07-07T03:31:52.783979,
223aa950a5bb55c8,https://www.linkedin.com/jobs/view/expo-at-texas-roadhouse-4221503676,Expo,,scraped,2026-07-07T03:31:59.953885,
fba1842aaf3476db,https://www.linkedin.com/jobs/view/delivery-driver-6149-bolivar-at-domino-s-4431995238,Delivery Driver (6149) - Bolivar,Domino's,posted,2026-07-07T03:32:15.811519,183
fc1da463edcee0f1,https://www.linkedin.com/jobs/view/delivery-expert-04415-at-domino-s-4433137393,Delivery Expert(04415),,scraped,2026-07-07T03:32:18.448194,
21f9493ebd450bf0,https://www.linkedin.com/jobs/view/8264/,"47,000+Field Test Engineer Jobs in United States",,failed|wp_post_failed,2026-07-07T03:32:27.477413,
0f5d6df48968e827,https://www.linkedin.com/jobs/view/7769/,"1,000+Eig Jobs in United States",,failed|wp_post_failed,2026-07-07T03:32:33.839959,
f90882ae200016fd,https://www.linkedin.com/jobs/view/expeditor-at-texas-roadhouse-4268554500,Expeditor,,scraped,2026-07-07T03:32:36.604064,
5ccf0249e7ab70ab,https://www.linkedin.com/jobs/view/delivery-driver-1475-jackson-tn-at-domino-s-4433135166,"Delivery Driver (1475) - Jackson, TN",,scraped,2026-07-07T03:32:44.246556,
7f3deee1477128e5,https://www.linkedin.com/jobs/view/hitch-professional-at-u-haul-4435878924,Hitch Professional,U-Haul,posted,2026-07-07T03:33:02.300484,185
bf43e371ff870638,https://www.linkedin.com/jobs/view/dishwasher-utility-at-nothing-bundt-cakes-4432777540,Dishwasher/Utility,Nothing Bundt Cakes,posted,2026-07-07T03:33:11.857208,187
b4f40fb71cb2ac7f,https://www.linkedin.com/jobs/view/utility-locator-at-usic-4427062568,Utility Locator,,scraped,2026-07-07T03:33:14.440224,
7f439e9e516da951,https://www.linkedin.com/jobs/view/utility-locator-at-usic-4427045906,Utility Locator,USIC,posted,2026-07-07T03:33:30.458079,75
e0f842ae081d109b,https://www.linkedin.com/jobs/view/delivery-driver-06007-403-w-lakeway-rd-at-domino-s-4432738306,Delivery Driver(06007)  403 W Lakeway Rd,Domino's,posted,2026-07-07T03:33:45.290616,189
e6015b5699d69f03,https://www.linkedin.com/jobs/view/guest-experience-associate-entertainment-venue-at-level99-entertainment-4437496256,Guest Experience Associate - Entertainment Venue,,scraped,2026-07-07T03:33:47.959258,
ad5fe2c9f4f5f399,https://www.linkedin.com/jobs/view/plant-manager-at-austin-allen-company-professional-recruitment-4437716361,Plant Manager,Austin Allen Company - Professional Recruitment,posted,2026-07-07T03:34:08.556847,191
ee34229e023b6abe,https://www.linkedin.com/jobs/view/stock-associate-at-guess%3F-llc-4437714202,Stock Associate,"Guess?, LLC.",posted,2026-07-07T03:34:19.730929,193
9567d959f8f7eb7d,https://www.linkedin.com/jobs/view/unit-coordinator-med-surg-at-heart-of-the-rockies-regional-medical-center-4437497340,Unit Coordinator- Med Surg,Heart of the Rockies Regional Medical Center,posted,2026-07-07T03:34:29.388398,195
d16c7d065df92e4f,https://www.linkedin.com/jobs/view/director-of-community-association-relations-at-hotwire-communications-ltd-4437499437,Director of Community Association Relations,,scraped,2026-07-07T03:34:32.080098,
883f4e0427aa0eb3,https://www.linkedin.com/jobs/view/visual-designer-iii-at-the-custom-group-of-companies-4437493308,Visual Designer III,The Custom Group of Companies,posted,2026-07-07T03:34:51.242784,197
1d3e2b62f7bb98d9,https://www.linkedin.com/jobs/view/parts-manager-honda-of-stevens-creek-at-sonic-automotive-4437712154,Parts Manager - Honda of Stevens Creek,Sonic Automotive,posted,2026-07-07T03:35:05.917457,199
35efe1aa59fb8f7e,https://www.linkedin.com/jobs/view/data-center-operator-jr-technician-at-jll-4437475936,Data Center Operator Jr. Technician,JLL,posted,2026-07-07T03:35:20.857165,201
e27c3d69b8818630,https://www.linkedin.com/jobs/view/division-manager-southeast-area-underground-electrical-utility-construction-at-infinity-contractors-4437721226,Division Manager Southeast Area-Underground Electrical & Utility Construction,Infinity Contractors,posted,2026-07-07T03:35:36.335606,203
314b8c287ed1d0db,https://www.linkedin.com/jobs/view/full-time-rn-day-shift-at-benedictine-4437719149,Full Time RN Day Shift,Benedictine,posted,2026-07-07T03:35:46.436010,205
caaca5d9aa49b40d,https://www.linkedin.com/jobs/view/manager-%E2%80%94-interior-planning-and-design-standards-at-bon-secours-mercy-health-4437499981,Manager — Interior Planning and Design Standards,Bon Secours Mercy Health,posted,2026-07-07T03:35:54.372227,207
02c44d03e0927035,https://www.linkedin.com/jobs/view/data-scientist-masters-at-alignerr-4437701598,Data Scientist (Masters),Alignerr,posted,2026-07-07T03:36:08.736034,209
c6b5ed53afad9002,https://www.linkedin.com/jobs/view/stock-associate-at-guess%3F-llc-4437700630,Stock Associate,"Guess?, LLC.",posted,2026-07-07T03:36:13.456736,193
982f22a05b4dfbbc,https://www.linkedin.com/jobs/view/loan-officer-at-paramount-residential-mortgage-group-4437708587,Loan Officer,Paramount Residential Mortgage Group,posted,2026-07-07T03:36:22.987428,211
ca44cabdc0962b7c,https://www.linkedin.com/jobs/view/construction-inspector-4-at-state-of-oregon-4437484479,Construction Inspector 4,State of Oregon,posted,2026-07-07T03:36:32.804309,213
acb3c9659eeb9b46,https://www.linkedin.com/jobs/view/financial-analyst-ai-researcher-remote-at-alignerr-4437718047,Financial Analyst AI Researcher - Remote,Alignerr,posted,2026-07-07T03:36:46.954273,215
ec9bb4fd516211e5,https://www.linkedin.com/jobs/view/executive-assistant-at-24-seven-talent-4437713065,Executive Assistant,24 Seven Talent,posted,2026-07-07T03:36:52.163153,63
753cc3c096d845ca,https://www.linkedin.com/jobs/view/security-operations-analyst-at-alignerr-4437719025,Security Operations Analyst,Alignerr,posted,2026-07-07T03:36:57.251167,181
434c1bc90bd23b4e,https://www.linkedin.com/jobs/view/supervisor-dpw-d4-street-maint-repair-at-city-of-indianapolis-4437706423,Supervisor - DPW-D4 Street Maint Repair,City of Indianapolis,posted,2026-07-07T03:37:06.027301,217
08cd7213aecb7a8b,https://www.linkedin.com/jobs/view/security-guard-531070900-at-admiral-security-services-4437717362,Security Guard | 531070900,Admiral Security Services,posted,2026-07-07T03:37:15.859350,219
f6746a71871ac223,https://www.linkedin.com/jobs/view/railroad-flagger-at-national-railroad-safety-services-inc-nrss-4436945162,Railroad Flagger,"National Railroad Safety Services, Inc. (NRSS)",posted,2026-07-07T03:37:25.690152,221
010ee5bd875da40a,https://www.linkedin.com/jobs/view/locksmith-at-montana-state-university-office-of-student-engagement-4436178646,Locksmith,Montana State University - Office of Student Engagement,posted,2026-07-07T03:37:35.264304,223
972b1f5dcc5fa414,https://www.linkedin.com/jobs/view/payroll-processor-at-the-planet-group-4437465530,Payroll Processor,The Planet Group,posted,2026-07-07T03:37:44.045911,225
791e756eb6aa8680,https://www.linkedin.com/jobs/view/dispatcher-at-the-parts-authority-4435313380,Dispatcher,The Parts Authority,posted,2026-07-07T03:37:53.360425,227
3ef1fbd4bdb805bf,https://www.linkedin.com/jobs/view/used-purchase-specialist-at-camping-world-4433985469,Used Purchase Specialist,Camping World,posted,2026-07-07T03:38:03.319072,229
c057569bf3cbd6a4,https://www.linkedin.com/jobs/view/custodian-orofino-elementary-school-at-sunnybrook-school-district-171-4435876023,Custodian-Orofino Elementary School,Sunnybrook School District 171,posted,2026-07-07T03:38:12.195277,231
941d40705dad5596,https://www.linkedin.com/jobs/view/home-care-aide-at-addus-homecare-4437416657,Home Care Aide,Addus HomeCare,posted,2026-07-07T03:38:21.615481,233
733b6fc48dff59b4,https://www.linkedin.com/jobs/view/property-inspector-at-roofstock-4397756089,Property Inspector,Roofstock,posted,2026-07-07T03:38:31.507597,235
1fd08462a1b6660f,https://www.linkedin.com/jobs/view/outside-recovery-associate-at-rural-king-4437455544,Outside Recovery Associate,Rural King,posted,2026-07-07T03:38:41.406786,237
9a133f6fa8e6ee6c,https://www.linkedin.com/jobs/view/community-donation-manager-at-savers-value-village-4435006472,Community Donation Manager,Savers | Value Village,posted,2026-07-07T03:38:50.706267,239
810036e8f357fc76,https://www.linkedin.com/jobs/view/medical-information-analyst-at-the-ohio-state-university-wexner-medical-center-4437480704,Medical Information Analyst,The Ohio State University Wexner Medical Center,posted,2026-07-07T03:39:00.283098,241
09924de7726b5e9f,https://www.linkedin.com/jobs/view/principal-data-architect-at-olik-global-4437492462,Principal Data Architect,Olik Global,posted,2026-07-07T03:39:07.900844,243
7765e9c647359646,https://www.linkedin.com/jobs/view/academic-advisor-at-ivy-tech-community-college-4437480640,Academic Advisor,Ivy Tech Community College,posted,2026-07-07T03:39:17.763699,245
bf9e1d511d41909f,https://www.linkedin.com/jobs/view/business-development-specialist-at-paramount-residential-mortgage-group-4437703712,Business Development Specialist,Paramount Residential Mortgage Group,posted,2026-07-07T03:39:26.248260,247
0b4b8370f5986681,https://www.linkedin.com/jobs/view/business-development-specialist-at-paramount-residential-mortgage-group-4437707667,Business Development Specialist,Paramount Residential Mortgage Group,scraped,2026-07-07T03:39:30.451883,
943d1b50c52a4a10,https://www.linkedin.com/jobs/view/business-analyst-operations-lead-at-hewlett-packard-enterprise-4437493096,Business Analyst & Operations Lead,Hewlett Packard Enterprise,posted,2026-07-07T03:39:40.443140,249
13b5ca9fb3e32f65,https://www.linkedin.com/jobs/view/pki-service-desk-technician-at-link-solutions-inc-4437718324,PKI Service Desk Technician,"Link Solutions, Inc.",posted,2026-07-07T03:39:50.333861,251
edf085daf1253d0f,https://www.linkedin.com/jobs/view/tennis-coach-private-in-deerfield-beach-teachme-to-at-teachme-to-4437721209,Tennis Coach (Private) in Deerfield Beach | TeachMe.To,TeachMe.To,posted,2026-07-07T03:39:59.134727,253
3cf8c7d84ca08ee5,https://www.linkedin.com/jobs/view/human-resources-business-specialist-at-intermountain-home-services-4437715222,Human Resources Business Specialist,Intermountain Home Services,posted,2026-07-07T03:40:09.240260,255
1df2e36639ac177e,https://www.linkedin.com/jobs/view/loan-officer-at-paramount-residential-mortgage-group-4437707674,Loan Officer,Paramount Residential Mortgage Group,posted,2026-07-07T03:40:14.014150,211
d0fcbc51c5fca1bb,https://www.linkedin.com/jobs/view/storeroom-clerk-at-iff-4427082939,Storeroom Clerk,IFF,posted,2026-07-07T03:40:23.427390,257
b9a815f5f0e5a4d1,https://www.linkedin.com/jobs/view/innovation-technician-at-terminix-4414038782,Innovation Technician,Terminix,posted,2026-07-07T03:40:33.275978,259
e46a6ecd0b74a8f5,https://www.linkedin.com/jobs/view/environmental-services-aide-ii-003547-at-university-of-south-alabama-4437715333,Environmental Services Aide II - 003547,University of South Alabama,posted,2026-07-07T03:40:44.022852,261
3b98c1cba65d8a3b,https://www.linkedin.com/jobs/view/maintenance-porter-at-castle-rock-home-care-4435004395,Maintenance / Porter,Castle Rock Home Care,posted,2026-07-07T03:40:53.752720,263
4a8b0ec76554d837,https://www.linkedin.com/jobs/view/custodian-weekend-evening-stf2429-at-hutchinson-community-college-4437114306,Custodian Weekend-Evening (STF2429),Hutchinson Community College,posted,2026-07-07T03:41:04.401605,265
9c9bb90e2b65f095,https://www.linkedin.com/jobs/view/meat-cutter-at-the-fresh-market-4434316574,Meat Cutter,The Fresh Market,posted,2026-07-07T03:41:14.318716,267
630c400af1a8c553,https://www.linkedin.com/jobs/view/temp-to-hire-utility-at-lp-building-solutions-4434350525,"""Temp to Hire"" - Utility",LP Building Solutions,posted,2026-07-07T03:41:23.516570,269
1f7d005aec797009,https://www.linkedin.com/jobs/view/non-cdl-delivery-specialist-at-carter-lumber-4433939941,Non-CDL Delivery Specialist,Carter Lumber,posted,2026-07-07T03:41:32.886065,271
9a19acd2656801e2,https://www.linkedin.com/jobs/view/estimator-at-cybercoders-4423693292,Estimator,CyberCoders,posted,2026-07-07T03:41:42.319256,273
9e0326a678cecafb,https://www.linkedin.com/jobs/view/host-at-bubba-s-33-4294719476,Host,Bubba's 33,posted,2026-07-07T03:41:51.934594,275
e52b4783824ab216,https://www.linkedin.com/jobs/view/people-strategy-lead-at-oscar-health-4437709680,People Strategy Lead,Oscar Health,posted,2026-07-07T03:42:00.748031,277
3312ac030a2aabb0,https://www.linkedin.com/jobs/view/ai-trainer-evaluator-remote-at-yo-it-consulting-4437711559,AI Trainer & Evaluator - Remote,,scraped,2026-07-07T03:42:03.432323,
efb159b30801ae0e,https://www.linkedin.com/jobs/view/loan-officer-at-paramount-residential-mortgage-group-4437700975,Loan Officer,Paramount Residential Mortgage Group,posted,2026-07-07T03:42:12.398971,211
74843f44f6bb436b,https://www.linkedin.com/jobs/view/assistant-restaurant-manager-soundwaves-at-gaylord-hotels-4437479977,Assistant Restaurant Manager Soundwaves,Gaylord Hotels,posted,2026-07-07T03:42:21.877856,279
68080a4a207779aa,https://www.linkedin.com/jobs/view/english-language-arts-teacher-1-0-fte-lake-washington-high-school-at-lake-washington-school-district-4437483510,English Language Arts Teacher (1.0 FTE) Lake Washington High School,Lake Washington School District,posted,2026-07-07T03:42:31.428446,281
a5aec319a165b47a,https://www.linkedin.com/jobs/view/rn-staff-endoscopy-center-main-ft-1st-shift-at-huntsville-hospital-4437718398,RN Staff-Endoscopy Center Main-FT-1st shift,Huntsville Hospital,posted,2026-07-07T03:42:40.513746,283
4946c7765d1771a4,https://www.linkedin.com/jobs/view/vice-president-client-service-management-at-bny-4437496953,"Vice President, Client Service Management",BNY,posted,2026-07-07T03:42:49.741877,285
c38a571819c08562,https://www.linkedin.com/jobs/view/senior-multimedia-designer-at-roseburg-forest-products-4437713198,Senior Multimedia Designer,Roseburg Forest Products,posted,2026-07-07T03:42:59.031990,287
ed75db1acbc57bd5,https://www.linkedin.com/jobs/view/finance-business-partner-%E2%80%93-ar-ap-vms-experience-at-pinnacle-group-inc-4437494700,Finance Business Partner – AR/AP (VMS Experience),"Pinnacle Group, Inc.",posted,2026-07-07T03:43:06.739424,289
87aeec9c2b062ef0,https://www.linkedin.com/jobs/view/program-manager-at-fwg-solutions-4437487486,Program Manager,FWG Solutions,posted,2026-07-07T03:43:15.866434,291
a80c33319bd39f4a,https://www.linkedin.com/jobs/view/pricing-specialist-ft-at-the-winn-dixie-company-4436388298,Pricing Specialist FT,The Winn-Dixie Company,posted,2026-07-07T03:43:24.956610,293
2891ff918f9fbdd3,https://www.linkedin.com/jobs/view/busser-barback-at-yard-house-restaurants-4437476884,Busser/Barback,Yard House Restaurants,posted,2026-07-07T03:43:34.473665,295
54a536ed44e584f0,https://www.linkedin.com/jobs/view/field-expert-at-moxie-pest-control-4436203996,Field Expert,Moxie Pest Control,posted,2026-07-07T03:43:43.724083,297
cb687533f428ba34,https://www.linkedin.com/jobs/view/silverware-roller-at-texas-roadhouse-4230898386,Silverware Roller,Texas Roadhouse,posted,2026-07-07T03:43:52.869709,299
3d54c2be0179d4d1,https://www.linkedin.com/jobs/view/domino-s-delivery-expert-at-domino-s-4433902856,Domino's Delivery Expert,Domino's,posted,2026-07-07T03:44:02.683112,301
2c431a3967d393fc,https://www.linkedin.com/jobs/view/delivery-driver-07014-410-north-central-avenue-at-domino-s-4433140241,Delivery Driver(07014)  410 North Central Avenue,Domino's,posted,2026-07-07T03:44:11.515793,303
8b62fbc3b3e78a42,https://www.linkedin.com/jobs/view/delivery-expert-7133-at-domino-s-4433137381,Delivery Expert (7133),Domino's,posted,2026-07-07T03:44:20.965594,305
af2e507b78216689,https://www.linkedin.com/jobs/view/delivery-driver-3705-all-shifts-%24%24%24-at-domino-s-4431977865,Delivery Driver 3705 ALL SHIFTS $$$,Domino's,posted,2026-07-07T03:44:30.244528,307
a96f5492269f320c,https://www.linkedin.com/jobs/view/maintenance-technician-at-walmart-4416998626,Maintenance Technician,Walmart,posted,2026-07-07T03:44:39.783440,309
3e2c9f10692f3b2a,https://www.linkedin.com/jobs/view/meat-cutter-at-texas-roadhouse-4407267046,Meat Cutter,Texas Roadhouse,posted,2026-07-07T03:44:44.672151,267
d9cc9e8a2bea08bc,https://www.linkedin.com/jobs/view/optician-level-3-at-walmart-4408714167,Optician Level - 3,Walmart,posted,2026-07-07T03:44:56.062074,311
fa2034498ab2a61e,https://www.linkedin.com/jobs/view/meat-cutter-at-texas-roadhouse-4284765186,Meat Cutter,Texas Roadhouse,posted,2026-07-07T03:45:00.943732,267
4961f5bc3861adf5,https://www.linkedin.com/jobs/view/employee-in-charge-eic-at-national-railroad-safety-services-inc-nrss-4436301662,Employee In Charge (EIC),"National Railroad Safety Services, Inc. (NRSS)",posted,2026-07-07T03:45:10.190098,313
bc2fe3b9e436f1e7,https://www.linkedin.com/jobs/view/delivery-driver-04294-3920-wards-rd-at-domino-s-4432730454,Delivery Driver(04294) - 3920 Wards Rd,Domino's,posted,2026-07-07T03:45:19.731883,315
4630eeedcc659853,https://www.linkedin.com/jobs/view/delivery-driver-03173-828-7-saxon-blvd-at-domino-s-4437718151,Delivery Driver(03173) - 828-7 Saxon Blvd,Domino's,posted,2026-07-07T03:45:30.080012,317
cc4cc0d377341b03,https://www.linkedin.com/jobs/view/baker-at-texas-roadhouse-4235242507,Baker,Texas Roadhouse,posted,2026-07-07T03:45:34.737121,85
137f3105f4c146e3,https://www.linkedin.com/jobs/view/delivery-driver-03176-1049-s-ferdon-blvd-at-domino-s-4432718809,Delivery Driver (03176) 1049 S Ferdon Blvd,Domino's,posted,2026-07-07T03:45:44.907550,319
bb9a227305d80282,https://www.linkedin.com/jobs/view/janitor-busser-at-chuy-s-restaurants-4435711545,Janitor/Busser,Chuy's Restaurants,posted,2026-07-07T03:45:50.053998,123
624acf4a47384112,https://www.linkedin.com/jobs/view/thank-you-for-your-interest-in-our-driver-and-mover-positions%21-please-review-our-current-openings-and-submit-your-information-today%21-at-all-my-sons-moving-storage-4431992558,Thank you for your interest in our Driver and Mover positions! Please review our current openings and submit your information today!,All My Sons Moving &amp; Storage,posted,2026-07-07T03:45:59.920343,321
4ec0f13f416d596c,https://www.linkedin.com/jobs/view/7731/,"27,000+Independent Sales Consultant Jobs in United States",,failed|wp_post_failed,2026-07-07T03:46:06.800607,
4e235917d32b49b4,https://www.linkedin.com/jobs/view/auto-care-center-technician-at-walmart-4384532504,Auto Care Center Technician,Walmart,posted,2026-07-07T03:46:16.086839,323
b4bfa279349cbb9b,https://www.linkedin.com/jobs/view/baker-at-texas-roadhouse-4235244706,Baker,,scraped,2026-07-07T03:46:18.796363,
3ab511ca914e44b5,https://www.linkedin.com/jobs/view/delivery-driver-8726-jackson-tn-lynwood-at-domino-s-4431979843,"Delivery Driver (8726) - Jackson, TN (Lynwood)",Domino's,posted,2026-07-07T03:46:44.514256,325
7871fa182067786d,https://www.linkedin.com/jobs/view/railroad-flagger-at-national-railroad-safety-services-inc-nrss-4436313303,Railroad Flagger,,scraped,2026-07-07T03:46:47.128170,
5d131739a5d90b96,https://www.linkedin.com/jobs/view/auto-care-center-technician-at-walmart-4381413024,Auto Care Center Technician,,scraped,2026-07-07T03:47:00.746321,
1e819fcd4e87e8f6,https://www.linkedin.com/jobs/view/baker-turkey-creek-at-texas-roadhouse-4235246598,Baker (Turkey Creek),,scraped,2026-07-07T03:47:07.868706,
cff608b9293316e7,https://www.linkedin.com/jobs/view/to-go-specialist-at-chuy-s-restaurants-4436027209,To Go Specialist,Chuy's Restaurants,posted,2026-07-07T03:47:23.094030,327
ee03883e2f04ef15,https://www.linkedin.com/jobs/view/systems-operator-at-walmart-4436958802,Systems Operator,,scraped,2026-07-07T03:47:25.863185,
a1779eb775484e00,https://www.linkedin.com/jobs/view/auto-care-center-service-writer-at-walmart-4435371566,Auto Care Center Service Writer,,scraped,2026-07-07T03:47:35.625069,
ed12f7ed13905eea,https://www.linkedin.com/jobs/view/silverware-roller-at-texas-roadhouse-4407250958,Silverware Roller,,scraped,2026-07-07T03:47:43.792829,
36c1799d8724a786,https://www.linkedin.com/jobs/view/delivery-driver-8708-dyersburg-at-domino-s-4433978253,Delivery Driver (8708) - Dyersburg,,scraped,2026-07-07T03:47:52.979013,
d3a8b0b30d44f7e9,https://www.linkedin.com/jobs/view/delivery-driver-5484-medina-tn-at-domino-s-4432727654,"Delivery Driver (5484) - Medina, TN",,scraped,2026-07-07T03:47:59.922879,
e1e9a87e18a0d62d,https://www.linkedin.com/jobs/view/cart-attendant-at-walmart-4428677432,Cart Attendant,,scraped,2026-07-07T03:48:06.925352,
d264d3d7a473b1b0,https://www.linkedin.com/jobs/view/delivery-expert-7341-526-n-state-street-at-domino-s-4433127864,Delivery Expert (7341) - 526 N State Street,,scraped,2026-07-07T03:48:14.199279,
54db9c3ccf55d72f,https://www.linkedin.com/jobs/view/janitor-busser-at-chuy-s-restaurants-4436052704,Janitor/Busser,,scraped,2026-07-07T03:48:21.150394,
e16536871a8c6af0,https://www.linkedin.com/jobs/view/maintenance-o-n-position-at-walmart-4435806469,Maintenance O/N Position,,scraped,2026-07-07T03:48:27.855020,
fe834bd8b099d011,https://www.linkedin.com/jobs/view/employee-in-charge-eic-at-national-railroad-safety-services-inc-nrss-4436928937,Employee In Charge (EIC),,scraped,2026-07-07T03:48:46.629692,
